url,program,source,key,Valid,Reason
http://www.rat.xxx,Top-1000,CRUX,https://www.rat.xxx-Top-1000-CRUX,True,
http://it.pornhub.com,Top-1000,CRUX,https://it.pornhub.com-Top-1000-CRUX,True,
http://www.reddit.com,Top-1000,CRUX,https://www.reddit.com-Top-1000-CRUX,True,
http://www.sozcu.com.tr,Top-1000,CRUX,https://www.sozcu.com.tr-Top-1000-CRUX,True,
http://fast.com,Top-1000,CRUX,https://fast.com-Top-1000-CRUX,True,
http://www.vg.no,Top-1000,CRUX,https://www.vg.no-Top-1000-CRUX,True,
http://m.ladies.de,Top-1000,CRUX,https://m.ladies.de-Top-1000-CRUX,True,
http://wounofoarausooy.net,Top-1000,CRUX,https://wounofoarausooy.net-Top-1000-CRUX,True,
http://xhprofiles.world,Top-1000,CRUX,https://xhprofiles.world-Top-1000-CRUX,True,
http://hiroba.dpoint.docomo.ne.jp,Top-1000,CRUX,https://hiroba.dpoint.docomo.ne.jp-Top-1000-CRUX,True,
http://www.bbc.co.uk,Top-1000,CRUX,https://www.bbc.co.uk-Top-1000-CRUX,True,
http://de.xvideos.com,Top-1000,CRUX,https://de.xvideos.com-Top-1000-CRUX,True,
http://www.researchgate.net,Top-1000,CRUX,https://www.researchgate.net-Top-1000-CRUX,True,
http://m.naver.com,Top-1000,CRUX,https://m.naver.com-Top-1000-CRUX,True,
http://www.manoramaonline.com,Top-1000,CRUX,https://www.manoramaonline.com-Top-1000-CRUX,True,
http://www.xxxhindi.to,Top-1000,CRUX,https://www.xxxhindi.to-Top-1000-CRUX,True,
http://www.xnxx.tv,Top-1000,CRUX,https://www.xnxx.tv-Top-1000-CRUX,True,
http://www.almasryalyoum.com,Top-1000,CRUX,https://www.almasryalyoum.com-Top-1000-CRUX,True,
http://www.trendyol.com,Top-1000,CRUX,https://www.trendyol.com-Top-1000-CRUX,True,
http://www.xpaja.net,Top-1000,CRUX,https://www.xpaja.net-Top-1000-CRUX,True,
http://sofifa.com,Top-1000,CRUX,https://sofifa.com-Top-1000-CRUX,True,
http://www.foxnews.com,Top-1000,CRUX,https://www.foxnews.com-Top-1000-CRUX,True,
http://rutube.ru,Top-1000,CRUX,https://rutube.ru-Top-1000-CRUX,True,
http://hanime1.me,Top-1000,CRUX,https://hanime1.me-Top-1000-CRUX,True,
http://www.ptt.cc,Top-1000,CRUX,https://www.ptt.cc-Top-1000-CRUX,True,
http://xhamster3.com,Top-1000,CRUX,https://xhamster3.com-Top-1000-CRUX,True,
http://www.blic.rs,Top-1000,CRUX,https://www.blic.rs-Top-1000-CRUX,True,
http://support.google.com,Top-1000,CRUX,https://support.google.com-Top-1000-CRUX,True,
http://hi.xhamster.desi,Top-1000,CRUX,https://hi.xhamster.desi-Top-1000-CRUX,True,
http://www.naralsex.com,Top-1000,CRUX,https://www.naralsex.com-Top-1000-CRUX,True,
http://www.ebay.de,Top-1000,CRUX,https://www.ebay.de-Top-1000-CRUX,True,
http://battwo.com,Top-1000,CRUX,https://battwo.com-Top-1000-CRUX,True,
http://www.ndr.de,Top-1000,CRUX,https://www.ndr.de-Top-1000-CRUX,True,
http://sex-studentki.pub,Top-1000,CRUX,https://sex-studentki.pub-Top-1000-CRUX,True,
http://onlyindianx.cc,Top-1000,CRUX,https://onlyindianx.cc-Top-1000-CRUX,True,
http://www.fanpage.it,Top-1000,CRUX,https://www.fanpage.it-Top-1000-CRUX,True,
http://yandex.com,Top-1000,CRUX,https://yandex.com-Top-1000-CRUX,True,
http://xhaccess.com,Top-1000,CRUX,https://xhaccess.com-Top-1000-CRUX,True,
http://escortbabylon.net,Top-1000,CRUX,https://escortbabylon.net-Top-1000-CRUX,True,
http://fojik.site,Top-1000,CRUX,https://fojik.site-Top-1000-CRUX,True,
http://an1.com,Top-1000,CRUX,https://an1.com-Top-1000-CRUX,True,
http://www.wnacg.com,Top-1000,CRUX,https://www.wnacg.com-Top-1000-CRUX,True,
http://funpay.com,Top-1000,CRUX,https://funpay.com-Top-1000-CRUX,True,
http://www.eenadu.net,Top-1000,CRUX,https://www.eenadu.net-Top-1000-CRUX,True,
http://xoso.com.vn,Top-1000,CRUX,https://xoso.com.vn-Top-1000-CRUX,True,
http://rt.pornhub.com,Top-1000,CRUX,https://rt.pornhub.com-Top-1000-CRUX,True,
http://spankbang.com,Top-1000,CRUX,https://spankbang.com-Top-1000-CRUX,True,
http://in.bookmyshow.com,Top-1000,CRUX,https://in.bookmyshow.com-Top-1000-CRUX,True,
http://web.spaggiari.eu,Top-1000,CRUX,https://web.spaggiari.eu-Top-1000-CRUX,True,
http://www.alibaba.com,Top-1000,CRUX,https://www.alibaba.com-Top-1000-CRUX,True,
http://xhamster.best,Top-1000,CRUX,https://xhamster.best-Top-1000-CRUX,True,
http://www.russianfood.com,Top-1000,CRUX,https://www.russianfood.com-Top-1000-CRUX,True,
http://www.elmundo.es,Top-1000,CRUX,https://www.elmundo.es-Top-1000-CRUX,True,
http://noutore.enjoy.point.auone.jp,Top-1000,CRUX,https://noutore.enjoy.point.auone.jp-Top-1000-CRUX,True,
http://fdown.net,Top-1000,CRUX,https://fdown.net-Top-1000-CRUX,True,
http://pl.escort.club,Top-1000,CRUX,https://pl.escort.club-Top-1000-CRUX,True,
http://www.eltiempo.es,Top-1000,CRUX,https://www.eltiempo.es-Top-1000-CRUX,True,
http://www.ouest-france.fr,Top-1000,CRUX,https://www.ouest-france.fr-Top-1000-CRUX,True,
http://accounts.spotify.com,Top-1000,CRUX,https://accounts.spotify.com-Top-1000-CRUX,True,
http://www.leboncoin.fr,Top-1000,CRUX,https://www.leboncoin.fr-Top-1000-CRUX,True,
http://jav.guru,Top-1000,CRUX,https://jav.guru-Top-1000-CRUX,True,
http://one.google.com,Top-1000,CRUX,https://one.google.com-Top-1000-CRUX,True,
http://www.mercadolivre.com.br,Top-1000,CRUX,https://www.mercadolivre.com.br-Top-1000-CRUX,True,
http://www.infobae.com,Top-1000,CRUX,https://www.infobae.com-Top-1000-CRUX,True,
http://www.marmiton.org,Top-1000,CRUX,https://www.marmiton.org-Top-1000-CRUX,True,
http://www.bilibili.tv,Top-1000,CRUX,https://www.bilibili.tv-Top-1000-CRUX,True,
http://www.xvideos.com,Top-1000,CRUX,https://www.xvideos.com-Top-1000-CRUX,True,
http://www.chip.de,Top-1000,CRUX,https://www.chip.de-Top-1000-CRUX,True,
http://www.patreon.com,Top-1000,CRUX,https://www.patreon.com-Top-1000-CRUX,True,
http://ita.xhamster.com,Top-1000,CRUX,https://ita.xhamster.com-Top-1000-CRUX,True,
http://m.inven.co.kr,Top-1000,CRUX,https://m.inven.co.kr-Top-1000-CRUX,True,
http://www.jalan.net,Top-1000,CRUX,https://www.jalan.net-Top-1000-CRUX,True,
http://www.flashscore.com.ve,Top-1000,CRUX,https://www.flashscore.com.ve-Top-1000-CRUX,True,
http://m.fanfiction.net,Top-1000,CRUX,https://m.fanfiction.net-Top-1000-CRUX,True,
http://hochi.news,Top-1000,CRUX,https://hochi.news-Top-1000-CRUX,True,
http://7dakha.org,Top-1000,CRUX,https://7dakha.org-Top-1000-CRUX,True,
http://www.cronista.com,Top-1000,CRUX,https://www.cronista.com-Top-1000-CRUX,True,
http://www.bet365.com,Top-1000,CRUX,https://www.bet365.com-Top-1000-CRUX,True,
http://xnxx.com.se,Top-1000,CRUX,https://xnxx.com.se-Top-1000-CRUX,True,
http://www.curseforge.com,Top-1000,CRUX,https://www.curseforge.com-Top-1000-CRUX,True,
http://in.pinterest.com,Top-1000,CRUX,https://in.pinterest.com-Top-1000-CRUX,True,
http://m.flashscore.fr,Top-1000,CRUX,https://m.flashscore.fr-Top-1000-CRUX,True,
http://www.xnxx-arabic.com,Top-1000,CRUX,https://www.xnxx-arabic.com-Top-1000-CRUX,True,
http://www.ilovepdf.com,Top-1000,CRUX,https://www.ilovepdf.com-Top-1000-CRUX,True,
http://www.primevideo.com,Top-1000,CRUX,https://www.primevideo.com-Top-1000-CRUX,True,
http://sxyprn.com,Top-1000,CRUX,https://sxyprn.com-Top-1000-CRUX,True,
http://www.pornhub.org,Top-1000,CRUX,https://www.pornhub.org-Top-1000-CRUX,True,
http://www.ebay.it,Top-1000,CRUX,https://www.ebay.it-Top-1000-CRUX,True,
http://weather.com,Top-1000,CRUX,https://weather.com-Top-1000-CRUX,True,
http://es.xhamster.com,Top-1000,CRUX,https://es.xhamster.com-Top-1000-CRUX,True,
http://www.superporn.com,Top-1000,CRUX,https://www.superporn.com-Top-1000-CRUX,True,
http://www.deviantart.com,Top-1000,CRUX,https://www.deviantart.com-Top-1000-CRUX,True,
http://momon-ga.com,Top-1000,CRUX,https://momon-ga.com-Top-1000-CRUX,True,
http://www.cmoa.jp,Top-1000,CRUX,https://www.cmoa.jp-Top-1000-CRUX,True,
http://my.xhprofiles.world,Top-1000,CRUX,https://my.xhprofiles.world-Top-1000-CRUX,True,
http://letterboxd.com,Top-1000,CRUX,https://letterboxd.com-Top-1000-CRUX,True,
http://www.geny.com,Top-1000,CRUX,https://www.geny.com-Top-1000-CRUX,True,
http://shopee.co.id,Top-1000,CRUX,https://shopee.co.id-Top-1000-CRUX,True,
http://www.pornhat.com,Top-1000,CRUX,https://www.pornhat.com-Top-1000-CRUX,True,
http://www.tnaflix.com,Top-1000,CRUX,https://www.tnaflix.com-Top-1000-CRUX,True,
http://portal.librus.pl,Top-1000,CRUX,https://portal.librus.pl-Top-1000-CRUX,True,
http://www.calculator.net,Top-1000,CRUX,https://www.calculator.net-Top-1000-CRUX,True,
http://hitomi.la,Top-1000,CRUX,https://hitomi.la-Top-1000-CRUX,True,
http://www.1mg.com,Top-1000,CRUX,https://www.1mg.com-Top-1000-CRUX,True,
http://www.shaalaa.com,Top-1000,CRUX,https://www.shaalaa.com-Top-1000-CRUX,True,
http://www.desitales2.com,Top-1000,CRUX,https://www.desitales2.com-Top-1000-CRUX,True,
http://namu.wiki,Top-1000,CRUX,https://namu.wiki-Top-1000-CRUX,True,
http://en.wikipedia.org,Top-1000,CRUX,https://en.wikipedia.org-Top-1000-CRUX,True,
http://xnxx.health,Top-1000,CRUX,https://xnxx.health-Top-1000-CRUX,True,
http://hianime.to,Top-1000,CRUX,https://hianime.to-Top-1000-CRUX,True,
http://lichess.org,Top-1000,CRUX,https://lichess.org-Top-1000-CRUX,True,
http://cn.pornhub.com,Top-1000,CRUX,https://cn.pornhub.com-Top-1000-CRUX,True,
http://ficbook.net,Top-1000,CRUX,https://ficbook.net-Top-1000-CRUX,True,
http://cookpad.com,Top-1000,CRUX,https://cookpad.com-Top-1000-CRUX,True,
http://www.scribd.com,Top-1000,CRUX,https://www.scribd.com-Top-1000-CRUX,True,
http://in3x.net,Top-1000,CRUX,https://in3x.net-Top-1000-CRUX,True,
http://www.cnnbrasil.com.br,Top-1000,CRUX,https://www.cnnbrasil.com.br-Top-1000-CRUX,True,
http://otvet.mail.ru,Top-1000,CRUX,https://otvet.mail.ru-Top-1000-CRUX,True,
http://www.waho.pro,Top-1000,CRUX,https://www.waho.pro-Top-1000-CRUX,True,
http://services.gst.gov.in,Top-1000,CRUX,https://services.gst.gov.in-Top-1000-CRUX,True,
http://smt.docomo.ne.jp,Top-1000,CRUX,https://smt.docomo.ne.jp-Top-1000-CRUX,True,
http://uchi.ru,Top-1000,CRUX,https://uchi.ru-Top-1000-CRUX,True,
http://www.pravda.ru,Top-1000,CRUX,https://www.pravda.ru-Top-1000-CRUX,True,
http://www.coingecko.com,Top-1000,CRUX,https://www.coingecko.com-Top-1000-CRUX,True,
http://www.flashscore.pl,Top-1000,CRUX,https://www.flashscore.pl-Top-1000-CRUX,True,
http://vnexpress.net,Top-1000,CRUX,https://vnexpress.net-Top-1000-CRUX,True,
http://telegram.org,Top-1000,CRUX,https://telegram.org-Top-1000-CRUX,True,
http://www.varzesh3.com,Top-1000,CRUX,https://www.varzesh3.com-Top-1000-CRUX,True,
http://www.apornvideo.com,Top-1000,CRUX,https://www.apornvideo.com-Top-1000-CRUX,True,
http://www.staseraintv.com,Top-1000,CRUX,https://www.staseraintv.com-Top-1000-CRUX,True,
http://mat6tube.com,Top-1000,CRUX,https://mat6tube.com-Top-1000-CRUX,True,
http://www.sciencedirect.com,Top-1000,CRUX,https://www.sciencedirect.com-Top-1000-CRUX,True,
http://xhamster1.desi,Top-1000,CRUX,https://xhamster1.desi-Top-1000-CRUX,True,
http://www.prokerala.com,Top-1000,CRUX,https://www.prokerala.com-Top-1000-CRUX,True,
http://m.gsmarena.com,Top-1000,CRUX,https://m.gsmarena.com-Top-1000-CRUX,True,
http://pl.pornhub.com,Top-1000,CRUX,https://pl.pornhub.com-Top-1000-CRUX,True,
http://timesofindia.indiatimes.com,Top-1000,CRUX,https://timesofindia.indiatimes.com-Top-1000-CRUX,True,
http://www.mangago.me,Top-1000,CRUX,https://www.mangago.me-Top-1000-CRUX,True,
http://www.flashscore.com,Top-1000,CRUX,https://www.flashscore.com-Top-1000-CRUX,True,
http://www.ebay.com,Top-1000,CRUX,https://www.ebay.com-Top-1000-CRUX,True,
http://www.elcorteingles.es,Top-1000,CRUX,https://www.elcorteingles.es-Top-1000-CRUX,True,
http://www.hurriyet.com.tr,Top-1000,CRUX,https://www.hurriyet.com.tr-Top-1000-CRUX,True,
http://www.boatrace.jp,Top-1000,CRUX,https://www.boatrace.jp-Top-1000-CRUX,True,
http://old.reddit.com,Top-1000,CRUX,https://old.reddit.com-Top-1000-CRUX,True,
http://missav.ai,Top-1000,CRUX,https://missav.ai-Top-1000-CRUX,True,
http://www.sexvid.pro,Top-1000,CRUX,https://www.sexvid.pro-Top-1000-CRUX,True,
http://m.skelbiu.lt,Top-1000,CRUX,https://m.skelbiu.lt-Top-1000-CRUX,True,
http://fetlife.com,Top-1000,CRUX,https://fetlife.com-Top-1000-CRUX,True,
http://www.qorno.com,Top-1000,CRUX,https://www.qorno.com-Top-1000-CRUX,True,
http://workspace.google.com,Top-1000,CRUX,https://workspace.google.com-Top-1000-CRUX,True,
http://m.vk.com,Top-1000,CRUX,https://m.vk.com-Top-1000-CRUX,True,
http://www.tudogostoso.com.br,Top-1000,CRUX,https://www.tudogostoso.com.br-Top-1000-CRUX,True,
http://myapps.classlink.com,Top-1000,CRUX,https://myapps.classlink.com-Top-1000-CRUX,True,
http://www.betano.bet.br,Top-1000,CRUX,https://www.betano.bet.br-Top-1000-CRUX,True,
http://www.annunci69.it,Top-1000,CRUX,https://www.annunci69.it-Top-1000-CRUX,True,
http://note.com,Top-1000,CRUX,https://note.com-Top-1000-CRUX,True,
http://www.bbc.com,Top-1000,CRUX,https://www.bbc.com-Top-1000-CRUX,True,
http://www.merriam-webster.com,Top-1000,CRUX,https://www.merriam-webster.com-Top-1000-CRUX,True,
http://de.pornhub.com,Top-1000,CRUX,https://de.pornhub.com-Top-1000-CRUX,True,
http://www.eporner.com,Top-1000,CRUX,https://www.eporner.com-Top-1000-CRUX,True,
http://www.goal.com,Top-1000,CRUX,https://www.goal.com-Top-1000-CRUX,True,
http://www.ajio.com,Top-1000,CRUX,https://www.ajio.com-Top-1000-CRUX,True,
http://www.adobe.com,Top-1000,CRUX,https://www.adobe.com-Top-1000-CRUX,True,
http://www.facebook.com,Top-1000,CRUX,https://www.facebook.com-Top-1000-CRUX,True,
http://danbooru.donmai.us,Top-1000,CRUX,https://danbooru.donmai.us-Top-1000-CRUX,True,
http://www.3bmeteo.com,Top-1000,CRUX,https://www.3bmeteo.com-Top-1000-CRUX,True,
http://actu.fr,Top-1000,CRUX,https://actu.fr-Top-1000-CRUX,True,
http://m.bild.de,Top-1000,CRUX,https://m.bild.de-Top-1000-CRUX,True,
http://mangatoto.com,Top-1000,CRUX,https://mangatoto.com-Top-1000-CRUX,True,
http://www.marca.com,Top-1000,CRUX,https://www.marca.com-Top-1000-CRUX,True,
http://faphouse1.com,Top-1000,CRUX,https://faphouse1.com-Top-1000-CRUX,True,
http://justindianporn.info,Top-1000,CRUX,https://justindianporn.info-Top-1000-CRUX,True,
http://www.bet365.bet.br,Top-1000,CRUX,https://www.bet365.bet.br-Top-1000-CRUX,True,
http://asuracomic.net,Top-1000,CRUX,https://asuracomic.net-Top-1000-CRUX,True,
http://www.hindustantimes.com,Top-1000,CRUX,https://www.hindustantimes.com-Top-1000-CRUX,True,
http://www.chordtela.com,Top-1000,CRUX,https://www.chordtela.com-Top-1000-CRUX,True,
http://indiamobiletube.com,Top-1000,CRUX,https://indiamobiletube.com-Top-1000-CRUX,True,
http://www.buzzfeed.com,Top-1000,CRUX,https://www.buzzfeed.com-Top-1000-CRUX,True,
http://www.tori.fi,Top-1000,CRUX,https://www.tori.fi-Top-1000-CRUX,True,
http://stackoverflow.com,Top-1000,CRUX,https://stackoverflow.com-Top-1000-CRUX,True,
http://m.youm7.com,Top-1000,CRUX,https://m.youm7.com-Top-1000-CRUX,True,
http://apkpure.com,Top-1000,CRUX,https://apkpure.com-Top-1000-CRUX,True,
http://coinmarketcap.com,Top-1000,CRUX,https://coinmarketcap.com-Top-1000-CRUX,True,
http://s.mogg.ameba.jp,Top-1000,CRUX,https://s.mogg.ameba.jp-Top-1000-CRUX,True,
http://www.cdiscount.com,Top-1000,CRUX,https://www.cdiscount.com-Top-1000-CRUX,True,
http://www.arbada.com,Top-1000,CRUX,https://www.arbada.com-Top-1000-CRUX,True,
http://www.ukr.net,Top-1000,CRUX,https://www.ukr.net-Top-1000-CRUX,True,
http://play.blooket.com,Top-1000,CRUX,https://play.blooket.com-Top-1000-CRUX,True,
http://udn.com,Top-1000,CRUX,https://udn.com-Top-1000-CRUX,True,
http://xcumtube.com,Top-1000,CRUX,https://xcumtube.com-Top-1000-CRUX,True,
http://fastdl.app,Top-1000,CRUX,https://fastdl.app-Top-1000-CRUX,True,
http://nhentai.net,Top-1000,CRUX,https://nhentai.net-Top-1000-CRUX,True,
http://wiadomosci.onet.pl,Top-1000,CRUX,https://wiadomosci.onet.pl-Top-1000-CRUX,True,
http://www.livehindustan.com,Top-1000,CRUX,https://www.livehindustan.com-Top-1000-CRUX,True,
http://www.goodreads.com,Top-1000,CRUX,https://www.goodreads.com-Top-1000-CRUX,True,
http://www.sidrachain.com,Top-1000,CRUX,https://www.sidrachain.com-Top-1000-CRUX,True,
http://www.nitrotype.com,Top-1000,CRUX,https://www.nitrotype.com-Top-1000-CRUX,True,
http://jp.pornhub.com,Top-1000,CRUX,https://jp.pornhub.com-Top-1000-CRUX,True,
http://www.nexusmods.com,Top-1000,CRUX,https://www.nexusmods.com-Top-1000-CRUX,True,Status 403
http://www.dogdrip.net,Top-1000,CRUX,https://www.dogdrip.net-Top-1000-CRUX,True,
http://innovateindia1.mygov.in,Top-1000,CRUX,https://innovateindia1.mygov.in-Top-1000-CRUX,True,
http://www.seznam.cz,Top-1000,CRUX,https://www.seznam.cz-Top-1000-CRUX,True,
http://www.telegraph.co.uk,Top-1000,CRUX,https://www.telegraph.co.uk-Top-1000-CRUX,True,
http://wise.com,Top-1000,CRUX,https://wise.com-Top-1000-CRUX,True,
http://www.marktplaats.nl,Top-1000,CRUX,https://www.marktplaats.nl-Top-1000-CRUX,True,
http://kolkataff.in,Top-1000,CRUX,https://kolkataff.in-Top-1000-CRUX,True,
http://pl.xhamster.com,Top-1000,CRUX,https://pl.xhamster.com-Top-1000-CRUX,True,
http://www.linkedin.com,Top-1000,CRUX,https://www.linkedin.com-Top-1000-CRUX,True,
http://supjav.com,Top-1000,CRUX,https://supjav.com-Top-1000-CRUX,True,Status 403
http://www.netflix.com,Top-1000,CRUX,https://www.netflix.com-Top-1000-CRUX,True,
http://m.olx.pl,Top-1000,CRUX,https://m.olx.pl-Top-1000-CRUX,True,
http://www.carwale.com,Top-1000,CRUX,https://www.carwale.com-Top-1000-CRUX,True,
http://www.elnacional.cat,Top-1000,CRUX,https://www.elnacional.cat-Top-1000-CRUX,True,
http://giris.turkiye.gov.tr,Top-1000,CRUX,https://giris.turkiye.gov.tr-Top-1000-CRUX,True,
http://www.si.com,Top-1000,CRUX,https://www.si.com-Top-1000-CRUX,True,
http://xvideosporno.blog.br,Top-1000,CRUX,https://xvideosporno.blog.br-Top-1000-CRUX,True,
http://www.jeuxvideo.com,Top-1000,CRUX,https://www.jeuxvideo.com-Top-1000-CRUX,True,
http://openai.com,Top-1000,CRUX,https://openai.com-Top-1000-CRUX,True,
http://www.livescore.in,Top-1000,CRUX,https://www.livescore.in-Top-1000-CRUX,True,
http://www.agoda.com,Top-1000,CRUX,https://www.agoda.com-Top-1000-CRUX,True,
http://www.microsoft.com,Top-1000,CRUX,https://www.microsoft.com-Top-1000-CRUX,True,
http://www.instagram.com,Top-1000,CRUX,https://www.instagram.com-Top-1000-CRUX,True,
http://fr.pornhub.com,Top-1000,CRUX,https://fr.pornhub.com-Top-1000-CRUX,True,
http://escortalligator.com.listcrawler.eu,Top-1000,CRUX,https://escortalligator.com.listcrawler.eu-Top-1000-CRUX,True,Status 403
http://m.daum.net,Top-1000,CRUX,https://m.daum.net-Top-1000-CRUX,True,
http://aternos.org,Top-1000,CRUX,https://aternos.org-Top-1000-CRUX,True,
http://www.leparisien.fr,Top-1000,CRUX,https://www.leparisien.fr-Top-1000-CRUX,True,
http://xhopen.com,Top-1000,CRUX,https://xhopen.com-Top-1000-CRUX,True,
http://www.filmweb.pl,Top-1000,CRUX,https://www.filmweb.pl-Top-1000-CRUX,True,
http://www.moneycontrol.com,Top-1000,CRUX,https://www.moneycontrol.com-Top-1000-CRUX,True,
http://genius.com,Top-1000,CRUX,https://genius.com-Top-1000-CRUX,True,
http://rule34.xxx,Top-1000,CRUX,https://rule34.xxx-Top-1000-CRUX,True,
http://xbato.com,Top-1000,CRUX,https://xbato.com-Top-1000-CRUX,True,
http://e-hentai.org,Top-1000,CRUX,https://e-hentai.org-Top-1000-CRUX,True,
http://www.ecosia.org,Top-1000,CRUX,https://www.ecosia.org-Top-1000-CRUX,True,
http://www.erome.com,Top-1000,CRUX,https://www.erome.com-Top-1000-CRUX,True,
http://aniwatchtv.to,Top-1000,CRUX,https://aniwatchtv.to-Top-1000-CRUX,True,
http://www.credit-agricole.fr,Top-1000,CRUX,https://www.credit-agricole.fr-Top-1000-CRUX,True,
http://screenrant.com,Top-1000,CRUX,https://screenrant.com-Top-1000-CRUX,True,
http://www.bikewale.com,Top-1000,CRUX,https://www.bikewale.com-Top-1000-CRUX,True,
http://imhentai.xxx,Top-1000,CRUX,https://imhentai.xxx-Top-1000-CRUX,True,
http://heylink.me,Top-1000,CRUX,https://heylink.me-Top-1000-CRUX,True,
http://www.futbin.com,Top-1000,CRUX,https://www.futbin.com-Top-1000-CRUX,True,
http://tamil.oneindia.com,Top-1000,CRUX,https://tamil.oneindia.com-Top-1000-CRUX,True,
http://www.pixiv.net,Top-1000,CRUX,https://www.pixiv.net-Top-1000-CRUX,True,
http://www.globo.com,Top-1000,CRUX,https://www.globo.com-Top-1000-CRUX,True,
http://www.welt.de,Top-1000,CRUX,https://www.welt.de-Top-1000-CRUX,True,
http://www.ups.com,Top-1000,CRUX,https://www.ups.com-Top-1000-CRUX,True,
http://mto.to,Top-1000,CRUX,https://mto.to-Top-1000-CRUX,True,
http://character.ai,Top-1000,CRUX,https://character.ai-Top-1000-CRUX,True,
http://m.ilbe.com,Top-1000,CRUX,https://m.ilbe.com-Top-1000-CRUX,True,
http://pidey.co,Top-1000,CRUX,https://pidey.co-Top-1000-CRUX,True,
http://app.hubspot.com,Top-1000,CRUX,https://app.hubspot.com-Top-1000-CRUX,True,
http://www.fr.de,Top-1000,CRUX,https://www.fr.de-Top-1000-CRUX,True,
http://www.gazzetta.it,Top-1000,CRUX,https://www.gazzetta.it-Top-1000-CRUX,True,
http://www.avto.net,Top-1000,CRUX,https://www.avto.net-Top-1000-CRUX,True,
http://www.freesexkahani.com,Top-1000,CRUX,https://www.freesexkahani.com-Top-1000-CRUX,True,
http://kick.com,Top-1000,CRUX,https://kick.com-Top-1000-CRUX,True,
http://www.ebay.co.uk,Top-1000,CRUX,https://www.ebay.co.uk-Top-1000-CRUX,True,
http://www.ixbt.com,Top-1000,CRUX,https://www.ixbt.com-Top-1000-CRUX,True,
http://www.gismeteo.ru,Top-1000,CRUX,https://www.gismeteo.ru-Top-1000-CRUX,True,
http://www.remove.bg,Top-1000,CRUX,https://www.remove.bg-Top-1000-CRUX,True,
http://a24.app.gree-pf.net,Top-1000,CRUX,https://a24.app.gree-pf.net-Top-1000-CRUX,True,
http://www.starfall.com,Top-1000,CRUX,https://www.starfall.com-Top-1000-CRUX,True,
http://chaturbate.com,Top-1000,CRUX,https://chaturbate.com-Top-1000-CRUX,True,
http://www.fmkorea.com,Top-1000,CRUX,https://www.fmkorea.com-Top-1000-CRUX,True,
http://porno18.site,Top-1000,CRUX,https://porno18.site-Top-1000-CRUX,True,
http://www.xnxx.com,Top-1000,CRUX,https://www.xnxx.com-Top-1000-CRUX,True,
http://elpais.com,Top-1000,CRUX,https://elpais.com-Top-1000-CRUX,True,
http://www.repubblica.it,Top-1000,CRUX,https://www.repubblica.it-Top-1000-CRUX,True,
http://id.xhamster.com,Top-1000,CRUX,https://id.xhamster.com-Top-1000-CRUX,True,
http://www.jagran.com,Top-1000,CRUX,https://www.jagran.com-Top-1000-CRUX,True,
http://game.granbluefantasy.jp,Top-1000,CRUX,https://game.granbluefantasy.jp-Top-1000-CRUX,True,
http://xxx18hot.com,Top-1000,CRUX,http://xxx18hot.com-Top-1000-CRUX,True,
http://www.lemonde.fr,Top-1000,CRUX,https://www.lemonde.fr-Top-1000-CRUX,True,
http://thisvid.com,Top-1000,CRUX,https://thisvid.com-Top-1000-CRUX,True,
http://www.njuskalo.hr,Top-1000,CRUX,https://www.njuskalo.hr-Top-1000-CRUX,True,
http://www.subito.it,Top-1000,CRUX,https://www.subito.it-Top-1000-CRUX,True,
http://spankbang.party,Top-1000,CRUX,https://spankbang.party-Top-1000-CRUX,True,
http://www.roblox.com,Top-1000,CRUX,https://www.roblox.com-Top-1000-CRUX,True,
http://onlyfans.com,Top-1000,CRUX,https://onlyfans.com-Top-1000-CRUX,True,
http://www.flashscore.fr,Top-1000,CRUX,https://www.flashscore.fr-Top-1000-CRUX,True,
http://steamcommunity.com,Top-1000,CRUX,https://steamcommunity.com-Top-1000-CRUX,True,
http://as.com,Top-1000,CRUX,https://as.com-Top-1000-CRUX,True,
http://www.delgarm.com,Top-1000,CRUX,https://www.delgarm.com-Top-1000-CRUX,True,
http://www.dmm.co.jp,Top-1000,CRUX,https://www.dmm.co.jp-Top-1000-CRUX,True,
http://ecnavi.jp,Top-1000,CRUX,https://ecnavi.jp-Top-1000-CRUX,True,
http://s.tabelog.com,Top-1000,CRUX,https://s.tabelog.com-Top-1000-CRUX,True,
http://sp.jra.jp,Top-1000,CRUX,https://sp.jra.jp-Top-1000-CRUX,True,
http://m.avito.ru,Top-1000,CRUX,https://m.avito.ru-Top-1000-CRUX,True,
http://skipthegames.com,Top-1000,CRUX,https://skipthegames.com-Top-1000-CRUX,True,Status 403
http://www.myntra.com,Top-1000,CRUX,https://www.myntra.com-Top-1000-CRUX,True,
http://www.thscore.mobi,Top-1000,CRUX,https://www.thscore.mobi-Top-1000-CRUX,True,
http://topics.smt.docomo.ne.jp,Top-1000,CRUX,https://topics.smt.docomo.ne.jp-Top-1000-CRUX,True,
http://www.ilmeteo.it,Top-1000,CRUX,https://www.ilmeteo.it-Top-1000-CRUX,True,
http://myactivity.google.com,Top-1000,CRUX,https://myactivity.google.com-Top-1000-CRUX,True,
http://www.tjk.org,Top-1000,CRUX,https://www.tjk.org-Top-1000-CRUX,True,
http://missav123.com,Top-1000,CRUX,https://missav123.com-Top-1000-CRUX,True,
http://www.google.com,Top-1000,CRUX,https://www.google.com-Top-1000-CRUX,True,
http://es.pornhub.com,Top-1000,CRUX,https://es.pornhub.com-Top-1000-CRUX,True,
http://poczta.wp.pl,Top-1000,CRUX,https://poczta.wp.pl-Top-1000-CRUX,True,
http://www.aparat.com,Top-1000,CRUX,https://www.aparat.com-Top-1000-CRUX,True,
http://www.ryanair.com,Top-1000,CRUX,https://www.ryanair.com-Top-1000-CRUX,True,
http://clever.com,Top-1000,CRUX,https://clever.com-Top-1000-CRUX,True,
http://www.lanacion.com.ar,Top-1000,CRUX,https://www.lanacion.com.ar-Top-1000-CRUX,True,
http://rule34video.com,Top-1000,CRUX,https://rule34video.com-Top-1000-CRUX,True,
http://www.furaffinity.net,Top-1000,CRUX,https://www.furaffinity.net-Top-1000-CRUX,True,
http://enabiz.gov.tr,Top-1000,CRUX,https://enabiz.gov.tr-Top-1000-CRUX,True,
http://ko.xhamster2.com,Top-1000,CRUX,https://ko.xhamster2.com-Top-1000-CRUX,True,
http://br.xhamster.com,Top-1000,CRUX,https://br.xhamster.com-Top-1000-CRUX,True,
http://www.inven.co.kr,Top-1000,CRUX,https://www.inven.co.kr-Top-1000-CRUX,True,
http://pt.pornhub.com,Top-1000,CRUX,https://pt.pornhub.com-Top-1000-CRUX,True,
http://pubmed.ncbi.nlm.nih.gov,Top-1000,CRUX,https://pubmed.ncbi.nlm.nih.gov-Top-1000-CRUX,True,
http://www.taktube.net,Top-1000,CRUX,https://www.taktube.net-Top-1000-CRUX,True,
http://www.rightmove.co.uk,Top-1000,CRUX,https://www.rightmove.co.uk-Top-1000-CRUX,True,
http://www.wp.pl,Top-1000,CRUX,https://www.wp.pl-Top-1000-CRUX,True,
http://www.biblegateway.com,Top-1000,CRUX,https://www.biblegateway.com-Top-1000-CRUX,True,
http://esaj.tjsp.jus.br,Top-1000,CRUX,https://esaj.tjsp.jus.br-Top-1000-CRUX,True,
http://www.filmyfly.pictures,Top-1000,CRUX,https://www.filmyfly.pictures-Top-1000-CRUX,True,
http://znanija.com,Top-1000,CRUX,https://znanija.com-Top-1000-CRUX,True,
http://nickfinder.com,Top-1000,CRUX,https://nickfinder.com-Top-1000-CRUX,True,
http://www.desitelugusex.com,Top-1000,CRUX,https://www.desitelugusex.com-Top-1000-CRUX,True,
http://www.youjizz.com,Top-1000,CRUX,https://www.youjizz.com-Top-1000-CRUX,True,
http://www.novinky.cz,Top-1000,CRUX,https://www.novinky.cz-Top-1000-CRUX,True,
http://www.emag.ro,Top-1000,CRUX,https://www.emag.ro-Top-1000-CRUX,True,
http://www.imagefap.com,Top-1000,CRUX,https://www.imagefap.com-Top-1000-CRUX,True,
http://www.mercadolibre.com.mx,Top-1000,CRUX,https://www.mercadolibre.com.mx-Top-1000-CRUX,True,
http://jp.spankbang.com,Top-1000,CRUX,https://jp.spankbang.com-Top-1000-CRUX,True,
http://business.facebook.com,Top-1000,CRUX,https://business.facebook.com-Top-1000-CRUX,True,
http://xnxxarab.to,Top-1000,CRUX,https://xnxxarab.to-Top-1000-CRUX,True,
http://www.universal-credit.service.gov.uk,Top-1000,CRUX,https://www.universal-credit.service.gov.uk-Top-1000-CRUX,True,
http://m.sexemodel.com,Top-1000,CRUX,https://m.sexemodel.com-Top-1000-CRUX,True,
http://www.espn.com,Top-1000,CRUX,https://www.espn.com-Top-1000-CRUX,True,
http://ameblo.jp,Top-1000,CRUX,https://ameblo.jp-Top-1000-CRUX,True,
http://tvwiki12.com,Top-1000,CRUX,https://tvwiki12.com-Top-1000-CRUX,True,
http://www.letras.mus.br,Top-1000,CRUX,https://www.letras.mus.br-Top-1000-CRUX,True,
http://www.tokyomotion.net,Top-1000,CRUX,https://www.tokyomotion.net-Top-1000-CRUX,True,
http://duckduckgo.com,Top-1000,CRUX,https://duckduckgo.com-Top-1000-CRUX,True,
http://www.tuazar.com,Top-1000,CRUX,https://www.tuazar.com-Top-1000-CRUX,True,
http://www.rezultati.com,Top-1000,CRUX,https://www.rezultati.com-Top-1000-CRUX,True,
http://www.zalando.fr,Top-1000,CRUX,https://www.zalando.fr-Top-1000-CRUX,True,
http://www.istockphoto.com,Top-1000,CRUX,https://www.istockphoto.com-Top-1000-CRUX,True,
http://iporntv.net,Top-1000,CRUX,https://iporntv.net-Top-1000-CRUX,True,
http://zeenews.india.com,Top-1000,CRUX,https://zeenews.india.com-Top-1000-CRUX,True,
http://ge.xhamster.desi,Top-1000,CRUX,https://ge.xhamster.desi-Top-1000-CRUX,True,
http://fantia.jp,Top-1000,CRUX,https://fantia.jp-Top-1000-CRUX,True,
http://www.dailymail.co.uk,Top-1000,CRUX,https://www.dailymail.co.uk-Top-1000-CRUX,True,
http://ge.xhamster.com,Top-1000,CRUX,https://ge.xhamster.com-Top-1000-CRUX,True,
http://gekso.xyz,Top-1000,CRUX,https://gekso.xyz-Top-1000-CRUX,True,
http://www.nytimes.com,Top-1000,CRUX,https://www.nytimes.com-Top-1000-CRUX,True,
http://missav.ws,Top-1000,CRUX,https://missav.ws-Top-1000-CRUX,True,
http://www.sportskeeda.com,Top-1000,CRUX,https://www.sportskeeda.com-Top-1000-CRUX,True,
http://sattamatkano1.me,Top-1000,CRUX,https://sattamatkano1.me-Top-1000-CRUX,True,
http://m.fabswingers.com,Top-1000,CRUX,https://m.fabswingers.com-Top-1000-CRUX,True,
http://homepage.vivo.com,Top-1000,CRUX,https://homepage.vivo.com-Top-1000-CRUX,True,
http://m.indiamart.com,Top-1000,CRUX,https://m.indiamart.com-Top-1000-CRUX,True,
http://www.naukri.com,Top-1000,CRUX,https://www.naukri.com-Top-1000-CRUX,True,
http://scholar.google.com,Top-1000,CRUX,https://scholar.google.com-Top-1000-CRUX,True,
http://www.xvideos.es,Top-1000,CRUX,https://www.xvideos.es-Top-1000-CRUX,True,
http://m.cricbuzz.com,Top-1000,CRUX,https://m.cricbuzz.com-Top-1000-CRUX,True,
http://ifilo.net,Top-1000,CRUX,https://ifilo.net-Top-1000-CRUX,True,
http://tktube.com,Top-1000,CRUX,https://tktube.com-Top-1000-CRUX,True,
http://www.theguardian.com,Top-1000,CRUX,https://www.theguardian.com-Top-1000-CRUX,True,
http://xhamster.desi,Top-1000,CRUX,https://xhamster.desi-Top-1000-CRUX,True,
http://m.search.naver.com,Top-1000,CRUX,https://m.search.naver.com-Top-1000-CRUX,True,
http://bbs.animanch.com,Top-1000,CRUX,https://bbs.animanch.com-Top-1000-CRUX,True,
http://www.wattpad.com,Top-1000,CRUX,https://www.wattpad.com-Top-1000-CRUX,True,
http://launchpad.classlink.com,Top-1000,CRUX,https://launchpad.classlink.com-Top-1000-CRUX,True,
http://www.mediafire.com,Top-1000,CRUX,https://www.mediafire.com-Top-1000-CRUX,True,
http://dewafilm.xyz,Top-1000,CRUX,https://dewafilm.xyz-Top-1000-CRUX,True,
http://www.zara.com,Top-1000,CRUX,https://www.zara.com-Top-1000-CRUX,True,
http://archiveofourown.org,Top-1000,CRUX,https://archiveofourown.org-Top-1000-CRUX,True,
http://www.fanmtl.com,Top-1000,CRUX,https://www.fanmtl.com-Top-1000-CRUX,True,
http://www.justdial.com,Top-1000,CRUX,https://www.justdial.com-Top-1000-CRUX,True,
http://www.target.com,Top-1000,CRUX,https://www.target.com-Top-1000-CRUX,True,
http://www.canva.com,Top-1000,CRUX,https://www.canva.com-Top-1000-CRUX,True,
http://www.speedtest.net,Top-1000,CRUX,https://www.speedtest.net-Top-1000-CRUX,True,
http://www.redfin.com,Top-1000,CRUX,https://www.redfin.com-Top-1000-CRUX,True,
http://www.sportybet.com,Top-1000,CRUX,https://www.sportybet.com-Top-1000-CRUX,True,
http://kakuyomu.jp,Top-1000,CRUX,https://kakuyomu.jp-Top-1000-CRUX,True,
http://www.finn.no,Top-1000,CRUX,https://www.finn.no-Top-1000-CRUX,True,
http://www.dagbladet.no,Top-1000,CRUX,https://www.dagbladet.no-Top-1000-CRUX,True,
http://game8.jp,Top-1000,CRUX,https://game8.jp-Top-1000-CRUX,True,
http://uranai.nosv.org,Top-1000,CRUX,https://uranai.nosv.org-Top-1000-CRUX,True,
http://www.espncricinfo.com,Top-1000,CRUX,https://www.espncricinfo.com-Top-1000-CRUX,True,
http://www.aftonbladet.se,Top-1000,CRUX,https://www.aftonbladet.se-Top-1000-CRUX,True,
http://ja.wikipedia.org,Top-1000,CRUX,https://ja.wikipedia.org-Top-1000-CRUX,True,
http://www.jutarnji.hr,Top-1000,CRUX,https://www.jutarnji.hr-Top-1000-CRUX,True,
http://wimt.confirmtkt.com,Top-1000,CRUX,https://wimt.confirmtkt.com-Top-1000-CRUX,True,
http://divar.ir,Top-1000,CRUX,https://divar.ir-Top-1000-CRUX,True,
http://www.gov.uk,Top-1000,CRUX,https://www.gov.uk-Top-1000-CRUX,True,
http://store.steampowered.com,Top-1000,CRUX,https://store.steampowered.com-Top-1000-CRUX,True,
http://novelbin.com,Top-1000,CRUX,https://novelbin.com-Top-1000-CRUX,True,
http://www.iltalehti.fi,Top-1000,CRUX,https://www.iltalehti.fi-Top-1000-CRUX,True,
http://www.xbox.com,Top-1000,CRUX,https://www.xbox.com-Top-1000-CRUX,True,
http://m.youtube.com,Top-1000,CRUX,https://m.youtube.com-Top-1000-CRUX,True,
http://poki.com,Top-1000,CRUX,https://poki.com-Top-1000-CRUX,True,
http://www.tgju.org,Top-1000,CRUX,https://www.tgju.org-Top-1000-CRUX,True,
http://www.zillow.com,Top-1000,CRUX,https://www.zillow.com-Top-1000-CRUX,True,
http://www.ikea.com,Top-1000,CRUX,https://www.ikea.com-Top-1000-CRUX,True,
http://byjus.com,Top-1000,CRUX,https://byjus.com-Top-1000-CRUX,True,
http://nl.pornhub.com,Top-1000,CRUX,https://nl.pornhub.com-Top-1000-CRUX,True,
http://www.n-tv.de,Top-1000,CRUX,https://www.n-tv.de-Top-1000-CRUX,True,
http://www.joyclub.de,Top-1000,CRUX,https://www.joyclub.de-Top-1000-CRUX,True,
http://www.ynet.co.il,Top-1000,CRUX,https://www.ynet.co.il-Top-1000-CRUX,True,
http://www.property24.com,Top-1000,CRUX,https://www.property24.com-Top-1000-CRUX,True,
http://www.20minutos.es,Top-1000,CRUX,https://www.20minutos.es-Top-1000-CRUX,True,
http://tw.stock.yahoo.com,Top-1000,CRUX,https://tw.stock.yahoo.com-Top-1000-CRUX,True,
http://www.inps.it,Top-1000,CRUX,https://www.inps.it-Top-1000-CRUX,True,
http://www.zearn.org,Top-1000,CRUX,https://www.zearn.org-Top-1000-CRUX,True,
http://cz.pornhub.com,Top-1000,CRUX,https://cz.pornhub.com-Top-1000-CRUX,True,
http://m.autoplius.lt,Top-1000,CRUX,https://m.autoplius.lt-Top-1000-CRUX,True,
http://lotterysambad.one,Top-1000,CRUX,https://lotterysambad.one-Top-1000-CRUX,True,
http://www.rexporn.sex,Top-1000,CRUX,https://www.rexporn.sex-Top-1000-CRUX,True,
http://m.fabguys.com,Top-1000,CRUX,https://m.fabguys.com-Top-1000-CRUX,True,
http://www.msn.com,Top-1000,CRUX,https://www.msn.com-Top-1000-CRUX,True,
http://www.carsensor.net,Top-1000,CRUX,https://www.carsensor.net-Top-1000-CRUX,True,
http://www.ancestry.com,Top-1000,CRUX,https://www.ancestry.com-Top-1000-CRUX,True,
http://www.xnxx.es,Top-1000,CRUX,https://www.xnxx.es-Top-1000-CRUX,True,
http://www.redtube.com,Top-1000,CRUX,https://www.redtube.com-Top-1000-CRUX,True,
http://www.betika.com,Top-1000,CRUX,https://www.betika.com-Top-1000-CRUX,True,
http://www.kidsa-z.com,Top-1000,CRUX,https://www.kidsa-z.com-Top-1000-CRUX,True,
http://motherless.com,Top-1000,CRUX,https://motherless.com-Top-1000-CRUX,True,
http://vista.ir,Top-1000,CRUX,https://vista.ir-Top-1000-CRUX,True,
http://faphouse.com,Top-1000,CRUX,https://faphouse.com-Top-1000-CRUX,True,
http://race.sp.netkeiba.com,Top-1000,CRUX,https://race.sp.netkeiba.com-Top-1000-CRUX,True,
http://www.argos.co.uk,Top-1000,CRUX,https://www.argos.co.uk-Top-1000-CRUX,True,
http://search.naver.com,Top-1000,CRUX,https://search.naver.com-Top-1000-CRUX,True,
http://litnet.com,Top-1000,CRUX,https://litnet.com-Top-1000-CRUX,True,
http://gall.dcinside.com,Top-1000,CRUX,https://gall.dcinside.com-Top-1000-CRUX,True,
http://vnsexmup.net,Top-1000,CRUX,https://vnsexmup.net-Top-1000-CRUX,True,
http://es.erome.com,Top-1000,CRUX,https://es.erome.com-Top-1000-CRUX,True,
http://7moviesda.com,Top-1000,CRUX,https://7moviesda.com-Top-1000-CRUX,True,
http://freeip.me,Top-1000,CRUX,https://freeip.me-Top-1000-CRUX,True,
http://www.xvideos3.com,Top-1000,CRUX,https://www.xvideos3.com-Top-1000-CRUX,True,
http://czbooks.net,Top-1000,CRUX,https://czbooks.net-Top-1000-CRUX,True,
http://whockaighu.com,Top-1000,CRUX,https://whockaighu.com-Top-1000-CRUX,True,
http://filmyfly.esq,Top-1000,CRUX,https://filmyfly.esq-Top-1000-CRUX,True,
http://www.betpawa.co.tz,Top-1000,CRUX,https://www.betpawa.co.tz-Top-1000-CRUX,True,
http://m.ppomppu.co.kr,Top-1000,CRUX,https://m.ppomppu.co.kr-Top-1000-CRUX,True,
http://www.ladepeche.fr,Top-1000,CRUX,https://www.ladepeche.fr-Top-1000-CRUX,True,
http://wiadomosci.wp.pl,Top-1000,CRUX,https://wiadomosci.wp.pl-Top-1000-CRUX,True,
http://www.sexvid.xxx,Top-1000,CRUX,https://www.sexvid.xxx-Top-1000-CRUX,True,
http://www.freepornvideo.sex,Top-1000,CRUX,https://www.freepornvideo.sex-Top-1000-CRUX,True,
http://mechacomic.jp,Top-1000,CRUX,https://mechacomic.jp-Top-1000-CRUX,True,
http://www.tagesschau.de,Top-1000,CRUX,https://www.tagesschau.de-Top-1000-CRUX,True,
http://fr.xvideos.com,Top-1000,CRUX,https://fr.xvideos.com-Top-1000-CRUX,True,
http://www.hepsiburada.com,Top-1000,CRUX,https://www.hepsiburada.com-Top-1000-CRUX,True,
http://support.microsoft.com,Top-1000,CRUX,https://support.microsoft.com-Top-1000-CRUX,True,
http://bakusai.com,Top-1000,CRUX,https://bakusai.com-Top-1000-CRUX,True,
http://g1.globo.com,Top-1000,CRUX,https://g1.globo.com-Top-1000-CRUX,True,
http://www.news.com.au,Top-1000,CRUX,https://www.news.com.au-Top-1000-CRUX,True,
http://select.mamastar.jp,Top-1000,CRUX,https://select.mamastar.jp-Top-1000-CRUX,True,
http://ge.globo.com,Top-1000,CRUX,https://ge.globo.com-Top-1000-CRUX,True,
http://www.coolmathgames.com,Top-1000,CRUX,https://www.coolmathgames.com-Top-1000-CRUX,True,
http://outlook.live.com,Top-1000,CRUX,https://outlook.live.com-Top-1000-CRUX,True,
http://gamewith.jp,Top-1000,CRUX,https://gamewith.jp-Top-1000-CRUX,True,
http://www.tiktok.com,Top-1000,CRUX,https://www.tiktok.com-Top-1000-CRUX,True,
http://gdz.ru,Top-1000,CRUX,https://gdz.ru-Top-1000-CRUX,True,
http://ara.xhamster.com,Top-1000,CRUX,https://ara.xhamster.com-Top-1000-CRUX,True,
http://xhamster.com,Top-1000,CRUX,https://xhamster.com-Top-1000-CRUX,True,
http://nz.ua,Top-1000,CRUX,https://nz.ua-Top-1000-CRUX,True,
http://tsn.ua,Top-1000,CRUX,https://tsn.ua-Top-1000-CRUX,True,
http://www.haberler.com,Top-1000,CRUX,https://www.haberler.com-Top-1000-CRUX,True,
http://e621.net,Top-1000,CRUX,https://e621.net-Top-1000-CRUX,True,
http://m.ss.com,Top-1000,CRUX,https://m.ss.com-Top-1000-CRUX,True,
http://testbook.com,Top-1000,CRUX,https://testbook.com-Top-1000-CRUX,True,
http://www.ixl.com,Top-1000,CRUX,https://www.ixl.com-Top-1000-CRUX,True,
http://www.sarkariresult.com,Top-1000,CRUX,https://www.sarkariresult.com-Top-1000-CRUX,True,
http://www.express.co.uk,Top-1000,CRUX,https://www.express.co.uk-Top-1000-CRUX,True,
http://www.interia.pl,Top-1000,CRUX,https://www.interia.pl-Top-1000-CRUX,True,
http://ru.xhamster.com,Top-1000,CRUX,https://ru.xhamster.com-Top-1000-CRUX,True,
http://www.vinted.fr,Top-1000,CRUX,https://www.vinted.fr-Top-1000-CRUX,True,
http://www.latamairlines.com,Top-1000,CRUX,https://www.latamairlines.com-Top-1000-CRUX,True,
http://www.flipkart.com,Top-1000,CRUX,https://www.flipkart.com-Top-1000-CRUX,True,
http://www.gob.mx,Top-1000,CRUX,https://www.gob.mx-Top-1000-CRUX,True,
http://woman.excite.co.jp,Top-1000,CRUX,https://woman.excite.co.jp-Top-1000-CRUX,True,
http://www.tradingview.com,Top-1000,CRUX,https://www.tradingview.com-Top-1000-CRUX,True,
http://satta-king-fast.com,Top-1000,CRUX,https://satta-king-fast.com-Top-1000-CRUX,True,
http://scratch.mit.edu,Top-1000,CRUX,https://scratch.mit.edu-Top-1000-CRUX,True,
http://www.nesine.com,Top-1000,CRUX,https://www.nesine.com-Top-1000-CRUX,True,
http://nypost.com,Top-1000,CRUX,https://nypost.com-Top-1000-CRUX,True,
http://www.porn300.com,Top-1000,CRUX,https://www.porn300.com-Top-1000-CRUX,True,
http://sp.oddspark.com,Top-1000,CRUX,https://sp.oddspark.com-Top-1000-CRUX,True,
http://ssstik.io,Top-1000,CRUX,https://ssstik.io-Top-1000-CRUX,True,
http://playinmatch.com,Top-1000,CRUX,https://playinmatch.com-Top-1000-CRUX,True,
http://ekstrabladet.dk,Top-1000,CRUX,https://ekstrabladet.dk-Top-1000-CRUX,True,
http://clickpetroleoegas.com.br,Top-1000,CRUX,https://clickpetroleoegas.com.br-Top-1000-CRUX,True,
http://www.lavanguardia.com,Top-1000,CRUX,https://www.lavanguardia.com-Top-1000-CRUX,True,
http://www.deepl.com,Top-1000,CRUX,https://www.deepl.com-Top-1000-CRUX,True,
http://dmarket.docomo.ne.jp,Top-1000,CRUX,https://dmarket.docomo.ne.jp-Top-1000-CRUX,True,
http://www.sport.es,Top-1000,CRUX,https://www.sport.es-Top-1000-CRUX,True,
http://shopee.com.br,Top-1000,CRUX,https://shopee.com.br-Top-1000-CRUX,True,
http://vk.com,Top-1000,CRUX,https://vk.com-Top-1000-CRUX,True,
http://www.bing.com,Top-1000,CRUX,https://www.bing.com-Top-1000-CRUX,True,
http://m.imdb.com,Top-1000,CRUX,https://m.imdb.com-Top-1000-CRUX,True,
http://www.otomoto.pl,Top-1000,CRUX,https://www.otomoto.pl-Top-1000-CRUX,True,
http://www.corriere.it,Top-1000,CRUX,https://www.corriere.it-Top-1000-CRUX,True,
http://vip.24xxx.party,Top-1000,CRUX,https://vip.24xxx.party-Top-1000-CRUX,True,
http://www.slideshare.net,Top-1000,CRUX,https://www.slideshare.net-Top-1000-CRUX,True,
http://www.temu.com,Top-1000,CRUX,https://www.temu.com-Top-1000-CRUX,True,
http://pixabay.com,Top-1000,CRUX,https://pixabay.com-Top-1000-CRUX,True,
http://amp.xnxx.com,Top-1000,CRUX,https://amp.xnxx.com-Top-1000-CRUX,True,
http://www.disneyplus.com,Top-1000,CRUX,https://www.disneyplus.com-Top-1000-CRUX,True,
http://lotterysambadresult.in,Top-1000,CRUX,https://lotterysambadresult.in-Top-1000-CRUX,True,
http://allyonostore.com,Top-1000,CRUX,https://allyonostore.com-Top-1000-CRUX,True,
http://m.beboo.ru,Top-1000,CRUX,https://m.beboo.ru-Top-1000-CRUX,True,
http://www.apple.com,Top-1000,CRUX,https://www.apple.com-Top-1000-CRUX,True,
http://www.idnes.cz,Top-1000,CRUX,https://www.idnes.cz-Top-1000-CRUX,True,
http://www.bestbuy.com,Top-1000,CRUX,https://www.bestbuy.com-Top-1000-CRUX,True,
http://www.boyfriendtv.com,Top-1000,CRUX,https://www.boyfriendtv.com-Top-1000-CRUX,True,
http://auto.ria.com,Top-1000,CRUX,https://auto.ria.com-Top-1000-CRUX,True,
http://mangabuddy.com,Top-1000,CRUX,https://mangabuddy.com-Top-1000-CRUX,True,
http://mydramalist.com,Top-1000,CRUX,https://mydramalist.com-Top-1000-CRUX,True,
http://www.yallakora.com,Top-1000,CRUX,https://www.yallakora.com-Top-1000-CRUX,True,
http://www.clarin.com,Top-1000,CRUX,https://www.clarin.com-Top-1000-CRUX,True,
http://open.spotify.com,Top-1000,CRUX,https://open.spotify.com-Top-1000-CRUX,True,
http://www.bilibili.com,Top-1000,CRUX,https://www.bilibili.com-Top-1000-CRUX,True,
http://ndmais.com.br,Top-1000,CRUX,https://ndmais.com.br-Top-1000-CRUX,True,
http://jable.tv,Top-1000,CRUX,https://jable.tv-Top-1000-CRUX,True,
http://ya.ru,Top-1000,CRUX,https://ya.ru-Top-1000-CRUX,True,
http://tvn24.pl,Top-1000,CRUX,https://tvn24.pl-Top-1000-CRUX,True,
http://isaidub9.net,Top-1000,CRUX,https://isaidub9.net-Top-1000-CRUX,True,
http://www.mathplayground.com,Top-1000,CRUX,https://www.mathplayground.com-Top-1000-CRUX,True,
http://www.croxyproxy.com,Top-1000,CRUX,https://www.croxyproxy.com-Top-1000-CRUX,True,
http://anybunny.org,Top-1000,CRUX,https://anybunny.org-Top-1000-CRUX,True,
http://www.typing.com,Top-1000,CRUX,https://www.typing.com-Top-1000-CRUX,True,
http://www.independent.co.uk,Top-1000,CRUX,https://www.independent.co.uk-Top-1000-CRUX,True,
http://www.dailymotion.com,Top-1000,CRUX,https://www.dailymotion.com-Top-1000-CRUX,True,
http://m.shein.com,Top-1000,CRUX,https://m.shein.com-Top-1000-CRUX,True,
http://pikabu.ru,Top-1000,CRUX,https://pikabu.ru-Top-1000-CRUX,True,
http://yandex.by,Top-1000,CRUX,https://yandex.by-Top-1000-CRUX,True,
http://www.hibiny.ru,Top-1000,CRUX,https://www.hibiny.ru-Top-1000-CRUX,True,
http://www.hltv.org,Top-1000,CRUX,https://www.hltv.org-Top-1000-CRUX,True,
http://poopweb.com,Top-1000,CRUX,https://poopweb.com-Top-1000-CRUX,True,
http://janitorai.com,Top-1000,CRUX,https://janitorai.com-Top-1000-CRUX,True,
http://tv.mail.ru,Top-1000,CRUX,https://tv.mail.ru-Top-1000-CRUX,True,
http://xxxbp.tv,Top-1000,CRUX,https://xxxbp.tv-Top-1000-CRUX,True,
http://xhamster19.com,Top-1000,CRUX,https://xhamster19.com-Top-1000-CRUX,True,
http://www.metropoles.com,Top-1000,CRUX,https://www.metropoles.com-Top-1000-CRUX,True,
http://trilltrill.jp,Top-1000,CRUX,https://trilltrill.jp-Top-1000-CRUX,True,
http://www.xvideos-ar.com,Top-1000,CRUX,https://www.xvideos-ar.com-Top-1000-CRUX,True,
http://it.xvideos.com,Top-1000,CRUX,https://it.xvideos.com-Top-1000-CRUX,True,
http://mangatoto.org,Top-1000,CRUX,https://mangatoto.org-Top-1000-CRUX,True,
http://login.yahoo.com,Top-1000,CRUX,https://login.yahoo.com-Top-1000-CRUX,True,
http://wapbold.net,Top-1000,CRUX,https://wapbold.net-Top-1000-CRUX,True,
http://www.turkiye.gov.tr,Top-1000,CRUX,https://www.turkiye.gov.tr-Top-1000-CRUX,True,
http://exhentai.org,Top-1000,CRUX,https://exhentai.org-Top-1000-CRUX,True,
http://www.arabx.cam,Top-1000,CRUX,https://www.arabx.cam-Top-1000-CRUX,True,
http://www.terra.com.br,Top-1000,CRUX,https://www.terra.com.br-Top-1000-CRUX,True,
http://tools.usps.com,Top-1000,CRUX,https://tools.usps.com-Top-1000-CRUX,True,
http://www.merkur.de,Top-1000,CRUX,https://www.merkur.de-Top-1000-CRUX,True,
http://www.uol.com.br,Top-1000,CRUX,https://www.uol.com.br-Top-1000-CRUX,True,
http://www.protothema.gr,Top-1000,CRUX,https://www.protothema.gr-Top-1000-CRUX,True,
http://m.wikitree.co.kr,Top-1000,CRUX,https://m.wikitree.co.kr-Top-1000-CRUX,True,
http://brainly.in,Top-1000,CRUX,https://brainly.in-Top-1000-CRUX,True,
http://wordwall.net,Top-1000,CRUX,https://wordwall.net-Top-1000-CRUX,True,
http://www.paypal.com,Top-1000,CRUX,https://www.paypal.com-Top-1000-CRUX,True,
http://www.pornhub.com,Top-1000,CRUX,https://www.pornhub.com-Top-1000-CRUX,True,
http://m.tabor.ru,Top-1000,CRUX,https://m.tabor.ru-Top-1000-CRUX,True,
http://www.mayoclinic.org,Top-1000,CRUX,https://www.mayoclinic.org-Top-1000-CRUX,True,
http://www.forbes.com,Top-1000,CRUX,https://www.forbes.com-Top-1000-CRUX,True,
http://www.mynet.com,Top-1000,CRUX,https://www.mynet.com-Top-1000-CRUX,True,
http://www.jra.go.jp,Top-1000,CRUX,https://www.jra.go.jp-Top-1000-CRUX,True,
http://www.nikkei.com,Top-1000,CRUX,https://www.nikkei.com-Top-1000-CRUX,True,
http://liteapks.com,Top-1000,CRUX,https://liteapks.com-Top-1000-CRUX,True,
http://gelbooru.com,Top-1000,CRUX,https://gelbooru.com-Top-1000-CRUX,True,
http://www.pinterest.com,Top-1000,CRUX,https://www.pinterest.com-Top-1000-CRUX,True,
http://www.xvv1deos.com,Top-1000,CRUX,https://www.xvv1deos.com-Top-1000-CRUX,True,
http://www.list.am,Top-1000,CRUX,https://www.list.am-Top-1000-CRUX,True,
http://jut.su,Top-1000,CRUX,https://jut.su-Top-1000-CRUX,True,
http://www.tamildhool.net,Top-1000,CRUX,https://www.tamildhool.net-Top-1000-CRUX,True,
http://www.ojogodobicho.com,Top-1000,CRUX,https://www.ojogodobicho.com-Top-1000-CRUX,True,
http://www.samsung.com,Top-1000,CRUX,https://www.samsung.com-Top-1000-CRUX,True,
http://imgsrc.ru,Top-1000,CRUX,https://imgsrc.ru-Top-1000-CRUX,True,
http://linktr.ee,Top-1000,CRUX,https://linktr.ee-Top-1000-CRUX,True,
http://arca.live,Top-1000,CRUX,https://arca.live-Top-1000-CRUX,True,
http://cardgames.io,Top-1000,CRUX,https://cardgames.io-Top-1000-CRUX,True,
http://www.mediaexpert.pl,Top-1000,CRUX,https://www.mediaexpert.pl-Top-1000-CRUX,True,
http://www.digikala.com,Top-1000,CRUX,https://www.digikala.com-Top-1000-CRUX,True,
http://m.ok.ru,Top-1000,CRUX,https://m.ok.ru-Top-1000-CRUX,True,
http://www.sexlog.com,Top-1000,CRUX,https://www.sexlog.com-Top-1000-CRUX,True,
http://xhgames.life,Top-1000,CRUX,https://xhgames.life-Top-1000-CRUX,True,
http://www.mundodeportivo.com,Top-1000,CRUX,https://www.mundodeportivo.com-Top-1000-CRUX,True,
http://www.shahrekhabar.com,Top-1000,CRUX,https://www.shahrekhabar.com-Top-1000-CRUX,True,
http://www.lefigaro.fr,Top-1000,CRUX,https://www.lefigaro.fr-Top-1000-CRUX,True,
http://blacktoon346.com,Top-1000,CRUX,https://blacktoon346.com-Top-1000-CRUX,True,
http://www.macys.com,Top-1000,CRUX,https://www.macys.com-Top-1000-CRUX,True,
http://xosodaiphat.com,Top-1000,CRUX,https://xosodaiphat.com-Top-1000-CRUX,True,
http://www.lowes.com,Top-1000,CRUX,https://www.lowes.com-Top-1000-CRUX,True,
http://www.namasha.com,Top-1000,CRUX,https://www.namasha.com-Top-1000-CRUX,True,
http://www.fuq.com,Top-1000,CRUX,https://www.fuq.com-Top-1000-CRUX,True,
http://paws.community,Top-1000,CRUX,https://paws.community-Top-1000-CRUX,True,
http://archive.org,Top-1000,CRUX,https://archive.org-Top-1000-CRUX,True,
http://www.tokopedia.com,Top-1000,CRUX,https://www.tokopedia.com-Top-1000-CRUX,True,
http://olimpbet.kz,Top-1000,CRUX,https://olimpbet.kz-Top-1000-CRUX,True,
http://www.mi.com,Top-1000,CRUX,https://www.mi.com-Top-1000-CRUX,True,
http://chromewebstore.google.com,Top-1000,CRUX,https://chromewebstore.google.com-Top-1000-CRUX,True,
http://www.xnxx3.com,Top-1000,CRUX,https://www.xnxx3.com-Top-1000-CRUX,True,
http://www.livescore.com,Top-1000,CRUX,https://www.livescore.com-Top-1000-CRUX,True,
http://www.kleinanzeigen.de,Top-1000,CRUX,https://www.kleinanzeigen.de-Top-1000-CRUX,True,
http://kkstories.com,Top-1000,CRUX,https://kkstories.com-Top-1000-CRUX,True,
http://www.diretta.it,Top-1000,CRUX,https://www.diretta.it-Top-1000-CRUX,True,
http://www.costco.com,Top-1000,CRUX,https://www.costco.com-Top-1000-CRUX,True,
http://www.ilmessaggero.it,Top-1000,CRUX,https://www.ilmessaggero.it-Top-1000-CRUX,True,
http://nlab.itmedia.co.jp,Top-1000,CRUX,https://nlab.itmedia.co.jp-Top-1000-CRUX,True,
http://grapee.jp,Top-1000,CRUX,https://grapee.jp-Top-1000-CRUX,True,
http://movie.eroterest.net,Top-1000,CRUX,https://movie.eroterest.net-Top-1000-CRUX,True,
http://togetter.com,Top-1000,CRUX,https://togetter.com-Top-1000-CRUX,True,
http://www.jw.org,Top-1000,CRUX,https://www.jw.org-Top-1000-CRUX,True,
http://m.porno666.moe,Top-1000,CRUX,https://m.porno666.moe-Top-1000-CRUX,True,
http://fra.xhamster.com,Top-1000,CRUX,https://fra.xhamster.com-Top-1000-CRUX,True,
http://www.w3schools.com,Top-1000,CRUX,https://www.w3schools.com-Top-1000-CRUX,True,
http://www.nikkansports.com,Top-1000,CRUX,https://www.nikkansports.com-Top-1000-CRUX,True,
http://www.ixxx.com,Top-1000,CRUX,https://www.ixxx.com-Top-1000-CRUX,True,
http://www.geeksforgeeks.org,Top-1000,CRUX,https://www.geeksforgeeks.org-Top-1000-CRUX,True,
http://www.hdtube.porn,Top-1000,CRUX,https://www.hdtube.porn-Top-1000-CRUX,True,
http://123av.com,Top-1000,CRUX,https://123av.com-Top-1000-CRUX,True,
http://www.betpawa.ug,Top-1000,CRUX,https://www.betpawa.ug-Top-1000-CRUX,True,
http://www.xvideos2.com,Top-1000,CRUX,https://www.xvideos2.com-Top-1000-CRUX,True,
http://toyhou.se,Top-1000,CRUX,https://toyhou.se-Top-1000-CRUX,True,
http://de.pornhub.org,Top-1000,CRUX,https://de.pornhub.org-Top-1000-CRUX,True,
http://www.txnhh.com,Top-1000,CRUX,https://www.txnhh.com-Top-1000-CRUX,True,
http://github.com,Top-1000,CRUX,https://github.com-Top-1000-CRUX,True,
http://www.screener.in,Top-1000,CRUX,https://www.screener.in-Top-1000-CRUX,True,
http://www.discogs.com,Top-1000,CRUX,https://www.discogs.com-Top-1000-CRUX,True,
http://www.aajtak.in,Top-1000,CRUX,https://www.aajtak.in-Top-1000-CRUX,True,
http://play.google.com,Top-1000,CRUX,https://play.google.com-Top-1000-CRUX,True,
http://quizlet.com,Top-1000,CRUX,https://quizlet.com-Top-1000-CRUX,True,
http://www.sanook.com,Top-1000,CRUX,https://www.sanook.com-Top-1000-CRUX,True,
http://www.gov.br,Top-1000,CRUX,https://www.gov.br-Top-1000-CRUX,True,
http://www.olx.com.br,Top-1000,CRUX,https://www.olx.com.br-Top-1000-CRUX,True,
http://x.com,Top-1000,CRUX,https://x.com-Top-1000-CRUX,True,
http://www.accuweather.com,Top-1000,CRUX,https://www.accuweather.com-Top-1000-CRUX,True,
http://www.walmart.com,Top-1000,CRUX,https://www.walmart.com-Top-1000-CRUX,True,
http://www.khabaronline.ir,Top-1000,CRUX,https://www.khabaronline.ir-Top-1000-CRUX,True,
http://www.bt.dk,Top-1000,CRUX,https://www.bt.dk-Top-1000-CRUX,True,
http://masa49.com,Top-1000,CRUX,https://masa49.com-Top-1000-CRUX,True,
http://www2.hm.com,Top-1000,CRUX,https://www2.hm.com-Top-1000-CRUX,True,
http://chatgpt.com,Top-1000,CRUX,https://chatgpt.com-Top-1000-CRUX,True,
http://www.allrecipes.com,Top-1000,CRUX,https://www.allrecipes.com-Top-1000-CRUX,True,
http://businessinsider.com.pl,Top-1000,CRUX,https://businessinsider.com.pl-Top-1000-CRUX,True,
http://www.bom.gov.au,Top-1000,CRUX,http://www.bom.gov.au-Top-1000-CRUX,True,
http://www.bfmtv.com,Top-1000,CRUX,https://www.bfmtv.com-Top-1000-CRUX,True,
http://www.milliyet.com.tr,Top-1000,CRUX,https://www.milliyet.com.tr-Top-1000-CRUX,True,
http://www.t-online.de,Top-1000,CRUX,https://www.t-online.de-Top-1000-CRUX,True,
http://beauty.hotpepper.jp,Top-1000,CRUX,https://beauty.hotpepper.jp-Top-1000-CRUX,True,
http://www.nike.com,Top-1000,CRUX,https://www.nike.com-Top-1000-CRUX,True,
http://www.24h.com.vn,Top-1000,CRUX,https://www.24h.com.vn-Top-1000-CRUX,True,
http://girlschannel.net,Top-1000,CRUX,https://girlschannel.net-Top-1000-CRUX,True,
http://m.tribunnews.com,Top-1000,CRUX,https://m.tribunnews.com-Top-1000-CRUX,True,
http://salonboard.com,Top-1000,CRUX,https://salonboard.com-Top-1000-CRUX,True,
http://www.sugotoku.docomo.ne.jp,Top-1000,CRUX,https://www.sugotoku.docomo.ne.jp-Top-1000-CRUX,True,
http://piccoma.com,Top-1000,CRUX,https://piccoma.com-Top-1000-CRUX,True,
http://m.humoruniv.com,Top-1000,CRUX,https://m.humoruniv.com-Top-1000-CRUX,True,
http://www.mxplayer.in,Top-1000,CRUX,https://www.mxplayer.in-Top-1000-CRUX,True,
http://accounts.google.com,Top-1000,CRUX,https://accounts.google.com-Top-1000-CRUX,True,
http://discord.com,Top-1000,CRUX,https://discord.com-Top-1000-CRUX,True,
http://www.conectate.com.do,Top-1000,CRUX,https://www.conectate.com.do-Top-1000-CRUX,True,
http://www.index.hr,Top-1000,CRUX,https://www.index.hr-Top-1000-CRUX,True,
http://m.dcinside.com,Top-1000,CRUX,https://m.dcinside.com-Top-1000-CRUX,True,
http://snaptik.app,Top-1000,CRUX,https://snaptik.app-Top-1000-CRUX,True,
http://xnhau.top,Top-1000,CRUX,https://xnhau.top-Top-1000-CRUX,True,
http://www.betway.co.za,Top-1000,CRUX,https://www.betway.co.za-Top-1000-CRUX,True,
http://www.pussyboy.net,Top-1000,CRUX,https://www.pussyboy.net-Top-1000-CRUX,True,
http://en.luxuretv.com,Top-1000,CRUX,https://en.luxuretv.com-Top-1000-CRUX,True,
http://videy.co,Top-1000,CRUX,https://videy.co-Top-1000-CRUX,True,
http://blog.livedoor.jp,Top-1000,CRUX,http://blog.livedoor.jp-Top-1000-CRUX,True,
http://www.bakecaincontrii.com,Top-1000,CRUX,https://www.bakecaincontrii.com-Top-1000-CRUX,True,
http://wol.jw.org,Top-1000,CRUX,https://wol.jw.org-Top-1000-CRUX,True,
http://www.pornpics.com,Top-1000,CRUX,https://www.pornpics.com-Top-1000-CRUX,True,
http://people.com,Top-1000,CRUX,https://people.com-Top-1000-CRUX,True,
http://sellercentral.amazon.com,Top-1000,CRUX,https://sellercentral.amazon.com-Top-1000-CRUX,True,
http://www.twitch.tv,Top-1000,CRUX,https://www.twitch.tv-Top-1000-CRUX,True,
http://www.fiverr.com,Top-1000,CRUX,https://www.fiverr.com-Top-1000-CRUX,True,
http://jp.indeed.com,Top-1000,CRUX,https://jp.indeed.com-Top-1000-CRUX,True,
http://pt.xhamster.com,Top-1000,CRUX,https://pt.xhamster.com-Top-1000-CRUX,True,
http://onlar.az,Top-1000,CRUX,https://onlar.az-Top-1000-CRUX,True,
http://www.mercadolibre.com.ar,Top-1000,CRUX,https://www.mercadolibre.com.ar-Top-1000-CRUX,True,
http://www.youporn.com,Top-1000,CRUX,https://www.youporn.com-Top-1000-CRUX,True,
http://hot-sex-tube.com,Top-1000,CRUX,https://hot-sex-tube.com-Top-1000-CRUX,True,
http://noodlemagazine.com,Top-1000,CRUX,https://noodlemagazine.com-Top-1000-CRUX,True,
http://www.dafont.com,Top-1000,CRUX,https://www.dafont.com-Top-1000-CRUX,True,
http://sexalarab.com,Top-1000,CRUX,https://sexalarab.com-Top-1000-CRUX,True,
http://www.onet.pl,Top-1000,CRUX,https://www.onet.pl-Top-1000-CRUX,True,
http://www.publi24.ro,Top-1000,CRUX,https://www.publi24.ro-Top-1000-CRUX,True,
http://dantri.com.vn,Top-1000,CRUX,https://dantri.com.vn-Top-1000-CRUX,True,
http://fatalmodel.com,Top-1000,CRUX,https://fatalmodel.com-Top-1000-CRUX,True,
http://www.studocu.com,Top-1000,CRUX,https://www.studocu.com-Top-1000-CRUX,True,
http://www.otto.de,Top-1000,CRUX,https://www.otto.de-Top-1000-CRUX,True,
http://www.upwork.com,Top-1000,CRUX,https://www.upwork.com-Top-1000-CRUX,True,
http://syosetu.org,Top-1000,CRUX,https://syosetu.org-Top-1000-CRUX,True,
http://upbhulekh.gov.in,Top-1000,CRUX,https://upbhulekh.gov.in-Top-1000-CRUX,True,
http://sp.pf.mbga.jp,Top-1000,CRUX,https://sp.pf.mbga.jp-Top-1000-CRUX,True,
http://www.pussyspace.com,Top-1000,CRUX,https://www.pussyspace.com-Top-1000-CRUX,True,
http://xhamster2.com,Top-1000,CRUX,https://xhamster2.com-Top-1000-CRUX,True,
http://www.serviporno.com,Top-1000,CRUX,https://www.serviporno.com-Top-1000-CRUX,True,
http://www.xv-ru.com,Top-1000,CRUX,https://www.xv-ru.com-Top-1000-CRUX,True,
http://studio.code.org,Top-1000,CRUX,https://studio.code.org-Top-1000-CRUX,True,
http://kompoz2.com,Top-1000,CRUX,https://kompoz2.com-Top-1000-CRUX,True,
http://www.tvonenews.com,Top-1000,CRUX,https://www.tvonenews.com-Top-1000-CRUX,True,
http://www.pornhat.one,Top-1000,CRUX,https://www.pornhat.one-Top-1000-CRUX,True,
http://fapello.com,Top-1000,CRUX,https://fapello.com-Top-1000-CRUX,True,
http://auto.drom.ru,Top-1000,CRUX,https://auto.drom.ru-Top-1000-CRUX,True,
http://www.telegraaf.nl,Top-1000,CRUX,https://www.telegraaf.nl-Top-1000-CRUX,True,
http://torob.com,Top-1000,CRUX,https://torob.com-Top-1000-CRUX,True,
